what county is aspen co	D1098819
where is aeropostale located	D2268823
why am i hungry all the time	D2383262
what organs are located in the right lumbar region	D1744573
who was president when slavery ended 	D652786
medical definition of disease process	D479836
bcbs of georgia customer service	D2439107
what the meaning of fanciful	D1604764
what is a glomus tumor	D1206455
is steel a solution	D630593
what does geometry mean	D789880
how to get dell inspiron 1300 back to factory settings	D2339517
zazzle customer phone number	D1982685
how long does pills stay in your system	D817622
ipo price for ichr stock	D1395834
every day definition	D3031794
how soon should i renew my ead	D1365613
what is a vote	D2927909
which weed plant produces buds	D244903
who was marshall dillon s sidekick	D2587250
what is a plinko board	D889734
what county is thurmont md in	D1362705
what is the name of john dewey s philosophy	D2562523
what key is function on a keyboard	D21876
what is tamox	D2141281
what is an organelle bitesize	D184805
what is the plural form of leaf	D2047509
how much protein does a large egg have	D1151137
what are tableau parameters	D511242
what is phenibut good for	D2655673
final act definition	D2234879
how did two plans combined in the great compromise	D2529521
what are mood swing examples	D462341
what causes tingling in arms and legs	D209838
how long do cats stay in heat	D2263039
which scientist proposed the concept of panspermia	D1750628
when was the first heart transplant	D2974898
does drinking beer increase cholesterol	D2748209
what is agate stone	D1176300
process of neuron which carries impulse	D1349209
what year did varsity blues come out	D1769019
most popular food in italy	D176855
do collagen drinks work	D2606674
what cold zone is navarre fl	D944250
definition of integralism	D2421221
hot cereal  how long before workout	D1294403
will hayden net worth	D1753501
cost of using square payment	D2651697
what is moka coffee	D2290322
what makes asparagus affect the smell of your urine	D2266707
what is forest school	D408229
what is the definition of tycoon	D2198444
how long do you keep record of insurance audits	D7989
how many ml s in a dropper	D3121724
esol training definition	D58403
what is the zip code for seaford va	D2530093
how big is half acre in feet	D1297032
where is the star valley lds temple	D2547704
how many minutes can you be late before being docked	D1957003
what is love susan polis schutz	D2379514
what muscles make up the hamstring quizlet	D242671
definition of linux	D1144894
what is the population of plaistow nh	D2231344
types of salvia	D707520
is long term care insurance tax deductible	D2779191
what is the conus medullaris	D470878
how does rosacea affect eyes	D831406
what is an accounting system administrators	D556655
what is corsair link	D455935
what is a cpx test 	D856059
who is samuel wilson	D2377672
what causes high triglicerides	D597019
how much one cigarette takes off your life	D2080226
what is the amount of water required daily for horses 	D2939066
how long insulin lasts	D1000322
monthly average rainfall marshall mi	D451239
how many pints are in a wine bottle 	D3015022
benefits of daily aspirin	D281182
does wolverine get his adamantium back	D2174500
what is a b69	D148312
how much does courtside tickets cost	D3040232
definition of sound effect	D3226860
what is a fan makeup brush for	D397508
how long stool samples good for fridge	D1328492
what s involved in a cover letter	D917779
what fuels naval vessels	D956316
what degree is occupational therapy under	D722724
what is als in herbicides	D609019
what is the standard deduction for married filing jointly	D875376
how much is an executive mba program	D1510486
what is an eagle scout charge	D312010
ynez meaning of name	D1815763
how long do flea pupae live	D1979749
how long to become a phyical therapist 	D408570
what did the committee public administration do	D1391443
why plastic is strong and durable  	D133480
what is direct supervision	D3145917
symptoms of diverticular disease	D99738
what are turtle beans	D1410233
is sodium bicarbonate organic or inorganic	D3207000
